应用名称,开发者（企业）名称,开发者类型,应用类型,申请类型,版本名称,版本号,上下架时间,架位状态,合同状态,LCAID,APPID,应用包名
Mad Truck 2,3g60,个人,动作游戏,升级,1.20,3,2013-08-15 10:54:59,上架,合同签署并登陆,12172046,11975808,com.tophotapp.madtruck2
过桥拆河1.0,hellozheng,个人,动作游戏,新版本,1.0,1,2013-08-14 15:52:30,上架,合同签署并登陆,12168945,12168936,cn.easymobi.entertainment.crossapp_0
劫你妹,happiness0804,企业,动作游戏,新版本,2.1,21,2013-08-14 10:06:33,上架,合同签署并登陆,12165996,12165952,com.wx.tkwan3
噩梦跑酷 | Nightmare Runner,veer,个人,动作游戏,新版本,1.1.1,11,2013-08-12 11:46:12,上架,合同签署并登陆,12159591,12159579,com.cookiebit.NRunner
重力小子,idreamsky,企业,动作游戏,升级,1.0.5,6,2013-08-09 15:53:49,上架,合同签署并登陆,12152172,11555636,com.miniclip.ggskynet
狂砍水果,candyling7911,个人,动作游戏,新版本,1.0,1,2013-08-08 19:03:36,上架,合同签署并登陆,12149615,12149574,com.ak.crazycut
恐惧之魂,veer,个人,动作游戏,升级,1.2.2,122,2013-08-07 16:33:13,上架,合同签署并登陆,12146356,11367125,net.gree.android.pf.greeapp57201a
暴走战争（汉化）,iceskysnow,个人,动作游戏,新版本,1.1.4,6,2013-08-01 14:19:28,上架,合同签署并登陆,12124956,12124914,com.lemondoo.ragewarsfree
愤怒的捣蛋猪,dmmap_app,企业,动作游戏,新版本,1.0.6,1,2013-07-31 14:01:33,上架,合同签署并登陆,12121826,12121812,com.youshi.mm.angrypink3
丛林有情猪,dmmap_app,企业,动作游戏,新版本,1.0.2,1,2013-07-31 13:49:34,上架,合同签署并登陆,12121799,12121784,com.youshi.mm.angrypink2
海贼王：梦想之旅,sailewuxian,企业,动作游戏,新版本,1.0,1,2013-07-24 11:15:18,上架,合同签署并登陆,12104304,12104303,yct.ghzw
越跑越HIGH,dmmap_app,企业,动作游戏,新版本,1.1,1,2013-07-10 12:41:42,上架,合同签署并登陆,12059091,12059078,com.kspd.runnershigh
合金弹头XX,fanyigongsi,企业,动作游戏,升级,2.0,2,2013-06-28 10:51:06,上架,合同签署并登陆,12008555,11984296,yct.ghjdtxx
武士大战僵尸,中国移动游戏基地,企业,动作游戏,新版本,2.2.1,221,2013-06-20 17:39:48,上架,合同签署并登陆,11976329,11976307,com.glu.samuzombie_glucndx
豆豆跳跃,freedman_chen,个人,动作游戏,新版本,1.0,1,2013-06-20 00:09:42,上架,合同签署并登陆,11973677,11973665,com.jasmine.crazyjumpergles
战西游,tianlang,企业,动作游戏,升级,1.12.0615,1120615,2013-06-18 15:09:45,上架,合同签署并登陆,11965873,11944634,com.kuyue.zxydn5
战西游(豪华礼包),tianlang,企业,动作游戏,新版本,1.11.0510,1110510,2013-06-14 15:22:11,上架,合同签署并登陆,11944832,11944634,com.kuyue.zxydn5
弹弓赛车,prettyfox200,个人,动作游戏,新版本,1.3,3,2013-06-08 16:15:54,上架,合同签署并登陆,11924428,11924415,com.appgames.com.crescentmoongames.slingshotracing
火影忍者冒险,iceskysnow,个人,动作游戏,新版本,4.51,451,2013-06-07 17:15:58,上架,合同签署并登陆,11920400,11920392,com.bubblesoft.naruto
火柴人狂奔2,iceskysnow,个人,动作游戏,新版本,1.6,8,2013-06-07 16:57:55,上架,合同签署并登陆,11920358,11920348,com.djinnworks.LineRunner2.free
瑞克快跑,iloveapple8899,个人,动作游戏,新版本,1.0.5,6,2013-06-06 14:09:56,上架,合同签署并登陆,11913591,11913580,com.ruikekuaipo
洛克人Xover,veer,个人,动作游戏,新版本,1.0,2,2013-05-23 18:40:20,上架,合同签署并登陆,11838736,11838704,jp.co.capcom.android.rockmanxovercn
刺猬索尼克 | Sonic The Hedgehog,veer,个人,动作游戏,新版本,1.0.0,1,2013-05-20 13:35:56,上架,合同签署并登陆,11802356,11802333,com.sega.sonic1
100个任务,iceskysnow,个人,动作游戏,新版本,1.2.7,16,2013-05-17 16:00:01,上架,合同签署并登陆,11802252,11802210,com.mpisoft.spymissions
领域奔跑者,iceskysnow,个人,动作游戏,新版本,1.0.2,5,2013-05-15 17:50:00,上架,合同签署并登陆,11791229,11791204,com.divmob.fieldrunner
魔能：方碑之巫,iceskysnow,个人,动作游戏,新版本,1.2.2,9,2013-05-13 15:10:22,上架,合同签署并登陆,11777228,11777218,com.paradoxplaza.imagicka
疼痛之旅 | This Could Hurt Free,veer,个人,动作游戏,新版本,1.0.6,106,2013-05-13 15:06:23,上架,合同签署并登陆,11777048,11777030,com.chillingo.thiscouldhurtfree.android.row
狂怒的火柴人2 | Anger of Stick 2,veer,个人,动作游戏,新版本,1.1.1,12,2013-05-13 13:00:22,上架,合同签署并登陆,11776652,11776632,com.miniclip.angerofstick2
过山车3D,baobaoxiong,个人,动作游戏,新版本,1.5,15,2013-05-10 15:16:27,上架,合同签署并登陆,11507568,11507527,com.appgames.rollnyfull
猴子拳击  Monkey Boxing,veer,个人,动作游戏,新版本,1.0,1,2013-05-09 19:04:24,上架,合同签署并登陆,11763966,11763930,com.crescentmoongames.monkeyboxing
疯狂斗鼹鼠,genera,企业,动作游戏,新版本,1.0,1,2013-05-09 14:54:26,上架,合同签署信息通过,11761703,11761699,com.bravogamestudios.whackmaniaamazon
枪之荣耀二战版,haolny,个人,动作游戏,新版本,1.5.1,21,2013-05-02 18:36:21,上架,合同签署并登陆,11723106,11723098,com.yodo1.gunsandglory2
海盗宝藏3,17vee,个人,动作游戏,新版本,1.0.1,1000001,2013-04-28 17:12:26,上架,合同签署信息通过,11710134,11710089,air.Treasure3
忍者跑酷,cugtao,个人,动作游戏,升级,1.0,37,2013-04-24 16:34:43,上架,合同签署并登陆,11684774,11262487,superhl.ninjarush.mainactivity
符武宗,1917196534,个人,动作游戏,新版本,2.0,20130124,2013-04-23 14:39:36,上架,合同签署并登陆,11670498,11670487,df.android.at.darkwar.fwz.qpay.qpay
街机球赛,July125,个人,动作游戏,新版本,1.1,4,2013-04-19 20:05:41,上架,合同签署并登陆,11651409,11651349,tw.inaugurated.taumiex
3D飞镖,jiangmei880305,个人,动作游戏,新版本,1.31,31,2013-04-17 11:19:34,上架,合同签署并登陆,11633425,11633421,jp.ren.shade.DGunsSPokooo
DNF:地下城与勇士,PunchBox,企业,动作游戏,新版本,1.0.6,7,2013-04-12 09:44:58,上架,合同签署并登陆,11603792,11603788,com.Nexon.DunfightENGF1
舰艇战斗群,idreamsky,企业,动作游戏,新版本,1.1.4,5,2013-04-03 11:03:15,上架,合同签署并登陆,11555340,11555322,com.BaneGames.BattleGroup.skynet.cm
真.龙之谷,magicbird,企业,动作游戏,新版本,1.0.1,1,2013-04-01 13:17:30,上架,合同签署并登陆,11536938,11536849,jjx.game.main.act.xiaolong
笨鸟先飞,yangyang8671,个人,动作游戏,新版本,1.0,1,2013-03-29 11:31:42,上架,合同签署并登陆,11534764,11534745,com.jnkingdom.birdcanflyerwys
神奇五侠大狂奔,yangyang8671,个人,动作游戏,新版本,2.0,2,2013-03-29 11:31:30,上架,合同签署并登陆,11534705,11534676,com.zouniwys
火柴人滑雪,yangyang8671,个人,动作游戏,新版本,2.0,11,2013-03-22 12:17:21,上架,合同签署并登陆,11488509,11488500,com.djinnworks.StickmanSkiRacer.freewys
口袋英雄,miqiugame,企业,角色策略,升级,1.2,3,2013-08-20 14:26:31,上架,合同签署并登陆,12186656,12145821,cn.miq.pocketheros
蜡笔小新防御,Jamogames,企业,角色策略,新版本,1.1.9,11,2013-08-19 19:18:38,上架,合同签署并登陆,12184141,12184124,com.mrgames.jjanguplusg
超级战争,kongzhonggame,企业,角色策略,新版本,1.10,5,2013-08-19 18:48:39,上架,合同签署并登陆,12183985,12183966,com.noumena.android.TinyFortcn
美味巧克力消消看,fanyigongsi,企业,角色策略,新版本,1.0,1,2013-08-19 09:38:35,上架,合同签署并登陆,12177673,12177660,com.fox.tgllk.sikai
开心彩虹五子连珠,fanyigongsi,企业,角色策略,新版本,1.0,1,2013-08-19 09:38:32,上架,合同签署并登陆,12177685,12177675,com.fox.happyline.sikai
暴揍僵尸,fanyigongsi,企业,角色策略,新版本,1.01.04,4,2013-08-19 09:34:29,上架,合同签署并登陆,12177618,12177609,pandaVSzombie.mopoke.activity
万游助手,lovefirstlove,个人,角色策略,升级,0.8.5,28,2013-08-16 14:20:39,上架,合同签署并登陆,12176882,12062755,parsec.appexpert
莽荒OL,朴红玉,个人,角色策略,新版本,1.2,12,2013-08-16 14:20:29,上架,合同已确认并登陆,12176865,12176711,com.interestphone.android.mh.sm
幻想仙游,guopai,个人,角色策略,新版本,1.12.0615,1120615,2013-08-16 10:18:32,上架,合同签署并登陆,12174377,12174364,com.mnje.xxsyox
史诗塔防2 - 风之魔咒,veer,个人,角色策略,新版本,1.1.2,12,2013-08-15 14:44:42,上架,合同签署并登陆,12172301,12172286,com.dreamstudio.epicdefense2mm
小三国,idreamsky,企业,角色策略,升级,2.1.1,211,2013-08-15 11:52:29,上架,合同签署并登陆,12172486,11751796,com.blessjoy.wargame
神女控（1.7.1 更新）,veer,个人,角色策略,升级,1.7.1,19,2013-08-15 11:12:40,上架,合同签署并登陆,12172361,11649308,com.nubee.valkyriecrusade
夺回罐头HD,wspyxz,个人,角色策略,新版本,1.0,1,2013-08-15 10:52:44,上架,合同签署并登陆,12170399,12170354,com.fox.tougz.sk
萌将传奇,zzcentral,企业,角色策略,升级,2.2,220,2013-08-14 15:44:43,上架,合同签署信息通过,12140547,12108257,com.joygame.loong.meng.cmge
逆流(元宝版),zhucec1wan,个人,角色策略,新版本,1.12.0615,1120615,2013-08-13 18:34:41,上架,合同签署并登陆,12165594,12165551,com.kuyue.zxqitian5
逍遥诀,朴红玉,个人,角色策略,新版本,1.0.51,51,2013-08-12 12:54:15,上架,合同已确认并登陆,12152642,12152433,com.xianjiol.xianji.forZhiDian
城堡争霸中文版,gpworks,个人,角色策略,新版本,1.1.5,1100500,2013-08-10 15:38:22,上架,合同签署并登陆,12154680,12154651,com.igg.castleclash_tw
仙战,朴红玉,个人,角色策略,新版本,0.1.4.567,1000,2013-08-08 16:45:20,上架,合同已确认并登陆,12149126,12149041,air.com.lingyu.zzxlmobile.sijia
口袋英雄,miqiugame,企业,角色策略,新版本,1.1,2,2013-08-07 14:55:13,上架,合同签署并登陆,12145844,12145821,cn.miq.pocketheros
胶囊太空站 | Rymdkapsel,veer,个人,角色策略,新版本,2.0.0,264,2013-08-06 14:39:12,上架,合同签署并登陆,12141395,12141355,com.grapefrukt.games.rymdkapsel1
江湖英雄传,中国移动游戏基地,企业,角色策略,新版本,1.0.0,1,2013-07-31 16:31:28,上架,合同签署并登陆,12122508,12122487,com.ly.a09.main
仙剑Q侠传,miqiugame,企业,角色策略,新版本,2.7.2,27,2013-07-29 14:49:58,上架,合同签署并登陆,12115030,12114991,cn.com.miq.qsuiko
小三国,idreamsky,企业,角色策略,升级,2.1.0,210,2013-07-26 17:51:59,上架,合同签署并登陆,12110856,11751796,com.blessjoy.wargame
蜀山传奇,tencentgame,企业,角色策略,新版本,1.8.12,10812,2013-07-24 16:47:09,上架,合同签署并登陆,12106298,12106280,com.kingnet.ssl
这就是战争,wanmei,企业,角色策略,新版本,1.0.1,2,2013-07-22 11:05:29,上架,合同签署并登陆,12095233,12095173,com.utgame.thisiswar.lenovo
万游助手,lovefirstlove,个人,角色策略,升级,0.8.1,20,2013-07-19 19:07:49,上架,合同签署并登陆,12095143,12062755,parsec.appexpert
纵横天下,zzcentral,企业,角色策略,升级,2.15,20000,2013-07-12 14:59:19,上架,合同签署信息通过,12072122,11527596,com.mango.sanguo15.douwan.cmge
魔能守卫,中国移动游戏基地,企业,角色策略,新版本,1.0,1,2013-07-11 15:55:14,上架,合同签署并登陆,12068185,12068180,cn.touchmagic.game.magicalguard
天诛,wirelessteam51,企业,角色策略,升级,1.0.18,1000018,2013-07-10 12:41:44,上架,合同签署并登陆,12059255,11844588,air.cn.Tianzhu.tz51
天诛OL（无兄弟 不网游）,星达天下,企业,角色策略,升级,1.0.18,1000018,2013-07-08 12:47:32,上架,合同签署并登陆,12042439,11506399,air.xingdatz
霸三国,sailewuxian,企业,角色策略,新版本,11.03.75,110375,2013-07-04 17:00:27,上架,合同签署并登陆,12036546,12036537,com.app.lszb
魔兽三国,zzcentral,企业,角色策略,升级,3.0,9,2013-07-01 18:25:03,上架,合同签署信息通过,12020660,11519286,com.tuomi.longzhan.cmge
小三国,idreamsky,企业,角色策略,升级,2.0.2,202,2013-07-01 10:47:05,上架,合同签署并登陆,12018530,11751796,com.blessjoy.wargame
?明珠三国?,掌上明珠,企业,角色策略,升级,4.4,67,2013-06-28 19:37:09,上架,合同签署并登陆,12012415,10352533,com.pip.CCAAGB06
小三国,idreamsky,企业,角色策略,升级,2.0.1,201,2013-06-27 16:09:04,上架,合同签署并登陆,12008518,11751796,com.blessjoy.wargame
天降奇兵（穿越版）,C1wan,企业,角色策略,新版本,1.12.0615,1120615,2013-06-26 10:14:00,上架,合同签署并登陆,12000836,12000779,com.kuyue.zxqitian
小三国,idreamsky,企业,角色策略,升级,2.0,20,2013-06-25 11:47:58,上架,合同签署并登陆,11997631,11751796,com.blessjoy.wargame
?杀神?,掌上明珠,企业,角色策略,升级,2.1,20,2013-06-21 17:09:17,上架,合同签署并登陆,11984903,11208002,com.pip.android.ss
?杀神?,掌上明珠,企业,角色策略,升级,2.1,20,2013-06-21 17:03:19,上架,合同签署并登陆,11984932,10352554,com.pip.ss
降魔神话（点开就怀孕）,C1wan,企业,角色策略,新版本,0.90,90000,2013-06-18 20:25:45,上架,合同签署并登陆,11968280,11968259,air.com.qlwx.xmsh.cmge.c1wan
小三国,idreamsky,企业,角色策略,升级,1.9,9,2013-06-18 16:27:41,上架,合同签署并登陆,11966787,11751796,com.blessjoy.wargame
帝王.三国经典版,帝王三国OL,企业,角色策略,升级,v1.36.0120,24,2013-06-13 16:00:06,上架,合同签署并登陆,11941476,10968641,com.gamebox.kinglx
纵横天下,zzcentral,企业,角色策略,升级,2.12,19002,2013-06-09 20:55:57,上架,合同签署信息通过,11929937,11527596,com.mango.sanguo15.douwan.cmge
涂鸦嘟嘟鱼,iceskysnow,个人,角色策略,新版本,1.0,1,2013-06-09 16:19:55,上架,合同签署并登陆,11927589,11927565,com.freedomrecyle.doodlefish
魔兽三国,zzcentral,企业,角色策略,升级,2.3.1,8,2013-06-08 22:23:54,上架,合同签署信息通过,11925918,11519286,com.tuomi.longzhan.cmge
牛仔杰德,iceskysnow,个人,角色策略,新版本,1.1.0,70,2013-05-31 17:34:23,上架,合同签署并登陆,11884853,11884757,com.jedgames.cowboyjedgofree
岛屿战争,fanyigongsi,企业,角色策略,新版本,2.0.2,2,2013-05-31 16:34:16,上架,合同签署并登陆,11883975,11883920,com.ppy.daoyuzhanzheng
轩辕剑,掌上明珠,企业,角色策略,升级,3.1,36,2013-05-30 16:56:02,上架,合同签署并登陆,11879396,10549197,shaft.CCCCACCY
喵星人大战汉化版,veer,个人,角色策略,新版本,1.4.2,13,2013-05-27 14:41:12,上架,合同签署并登陆,11855843,11855815,jp.co.ponos.battlecats
乐高星球大战之尤达传,veer,个人,角色策略,新版本,1.0,3,2013-05-27 11:01:07,上架,合同签署并登陆,11855866,11855852,com.lego.starwars.theyodachronicles
龙战三国,zzcentral,企业,角色策略,升级,2.3,7,2013-05-24 12:14:20,上架,合同签署信息通过,11843351,11519286,com.tuomi.longzhan.cmge
?明珠三国?,掌上明珠,企业,角色策略,升级,4.3.2,66,2013-05-23 19:40:30,上架,合同签署并登陆,11839434,10352533,com.pip.CCAAGB06
侠缘风云,lakoo_diguo,企业,角色策略,升级,4.0.2,39,2013-05-23 18:46:23,上架,合同签署并登陆,11838881,11800448,com.lakoo.xyfy
超级战舰,iceskysnow,个人,角色策略,新版本,1.0.6,7,2013-05-23 11:31:16,上架,合同签署并登陆,11836016,11836002,com.byril.battleship
明朝时代2,4399shouyou,企业,角色策略,升级,2.0.0.0,2000,2013-05-16 14:45:50,上架,合同签署并登陆,11795478,11476726,com.aiyou.mczxn
巴比伦兄弟(IOS移植汉化),iceskysnow,个人,角色策略,新版本,1.4.8,18,2013-05-14 16:23:39,上架,合同签署并登陆,11783642,11783593,com.cosmos.babyloniantwins
?杀神-新资料片,掌上明珠,企业,角色策略,升级,2.0,19,2013-05-10 17:30:22,上架,合同签署并登陆,11768640,11208002,com.pip.android.ss
狂斩三国,深圳掌中酷柚,企业,角色策略,新版本,1.0.0,0,2013-05-10 15:16:25,上架,合同签署并登陆,11535765,11535746,com.koogame.SangoSlayer
英雄守卫2（史上最强塔防游戏）,iceskysnow,个人,角色策略,新版本,1.0.6,7,2013-05-09 10:40:21,上架,合同签署并登陆,11762970,11762946,com.paladin.defencehero2
坚守阵地(汉化版),iceskysnow,个人,角色策略,新版本,1.15-无限生命版,16,2013-05-09 10:18:21,上架,合同签署并登陆,11762882,11762874,com.subatomicstudios
毁灭：瓦多尼亚救世主(汉化),iceskysnow,个人,角色策略,新版本,1.1.0,110,2013-05-02 16:38:21,上架,合同签署并登陆,11727365,11727315,com.minoraxis.googlemarket.exitiumandroid
超级英雄 | Supreme Heroes,veer,个人,角色策略,新版本,1.0.0,1000000,2013-05-02 12:58:27,上架,合同签署并登陆,11725831,11725817,air.com.ea.superherocity_row
石器时代OL,有米传媒,企业,角色策略,升级,2.4.5,245,2013-04-28 17:26:22,上架,合同签署并登陆,11712355,11572336,com.gamebean.stoneageol.hd
明朝这些年,4399shouyou,企业,角色策略,升级,1.1.0.1,1101,2013-04-28 09:58:21,上架,合同签署并登陆,11709190,11476726,com.aiyou.mczxn
千城破,人人游戏,企业,角色策略,升级,1.0.4,4,2013-04-23 15:27:27,上架,合同签署并登陆,11670307,11535707,air.com.renren.igames.mjcq855006245
三国志之风云天下,zzcentral,企业,角色策略,升级,2.1,19000,2013-04-23 13:45:27,上架,合同签署信息通过,11670799,11527596,com.mango.sanguo15.douwan.cmge
杀神,掌上明珠,企业,角色策略,升级,1.8,17,2013-04-19 18:47:24,上架,合同签署并登陆,11537387,11208002,com.pip.android.ss
2020：我的国家 | 2020: My Country,veer,个人,角色策略,新版本,1.00.7039,7039,2013-04-19 17:41:32,上架,合同签署并登陆,11649637,11649619,com.gameinsight.mycountry2020
乱世天下（HD）,人人游戏,企业,角色策略,新版本,1.70.036,170036,2013-04-17 12:17:38,上架,合同签署并登陆,11633739,11633661,com.renren.and10102
枪之荣耀二战版 Guns'n'Glory WW2,应用汇,企业,角色策略,新版本,1.3.0,8,2013-04-12 15:05:39,上架,合同签署并登陆,11608165,11608138,com.hg.gunsandglory2free
细胞星球 Cell Planet,veer,个人,角色策略,新版本,1.00,2001,2013-04-12 13:57:16,上架,合同签署并登陆,11607617,11607591,cellplanet.apk
明朝这些年,4399shouyou,企业,角色策略,升级,1.1.0.0,1100,2013-04-11 12:05:04,上架,合同签署并登陆,11600864,11476726,com.aiyou.mczxn
石器时代OL,有米传媒,企业,角色策略,新版本,2.4.4,244,2013-04-08 12:34:13,上架,合同签署并登陆,11572625,11572336,com.gamebean.stoneageol.hd
猛将无双,QUYEAH,企业,角色策略,新版本,1.0,1,2013-04-08 11:10:14,上架,合同签署并登陆,11574289,11574163,com.koramgame.play.mengjiangchs
拯救花园 | Garden Rescue,veer,个人,角色策略,新版本,1.0.20,20,2013-04-03 18:54:13,上架,合同签署并登陆,11560514,11560503,com.bigfishgames.gardenrescuegooglefull
龙战三国OL,zzcentral,企业,角色策略,新版本,1.8,5,2013-03-27 13:54:35,上架,合同签署信息通过,11519326,11519286,com.tuomi.longzhan.cmge
银河创世录,kongzhonggame,企业,角色策略,升级,1.05,8,2013-03-22 14:15:20,上架,合同签署并登陆,11489114,10529341,com.noumena.android.galaxy2cn
明朝这些年,4399shouyou,企业,角色策略,升级,1.0.9.1,1091,2013-03-22 14:01:43,上架,合同签署并登陆,11488675,11476726,com.aiyou.mczxn
QQ欢乐麻将,腾讯无线合作开发部,企业,棋牌游戏,新版本,1.0.0,10022,2013-08-20 10:02:30,上架,合同签署并登陆,12182453,12182429,com.qqgame.happymj
就要赚钱,lishu11223344,个人,棋牌游戏,升级,1.3,4,2013-08-18 16:36:32,上架,合同签署并登陆,12180417,12163777,com.lishugame.du
填大坑（掌联）,xm_zhanglian,企业,棋牌游戏,升级,1.4.4,10404,2013-08-16 14:00:36,上架,合同签署并登陆,12176180,11778217,com.sz.games.tiandakeng
血战麻将,世纪阳天,企业,棋牌游戏,新版本,1.1.0.0,16842752,2013-08-09 17:54:03,上架,合同签署并登陆,12145116,12145045,yb_game.BloodyBattleMahjong
酒吧扑克,orangegame.cn,企业,棋牌游戏,升级,2.02,12,2013-08-09 09:50:09,上架,合同签署并登陆,12149131,12041939,com.orangegame.poker
斗地主赢话费欢乐版,中国移动游戏基地,企业,棋牌游戏,新版本,3.10,310,2013-08-07 16:49:19,上架,合同签署并登陆,12145883,12145872,com.dshine.mtFightLand
QQ欢乐升级,tencentgame,企业,棋牌游戏,新版本,1.0.0,10000,2013-08-06 18:53:15,上架,合同签署并登陆,12142629,12142623,com.tencent.qqgame.qqhlupwvga
血听麻将,世纪阳天,企业,棋牌游戏,新版本,1.1.0.0,16842752,2013-08-06 18:15:17,上架,合同签署并登陆,12137798,12137662,yb_game.YBMJ
大众斗地主,世纪阳天,企业,棋牌游戏,新版本,1.2.0.0,16908288,2013-08-06 12:40:52,上架,合同签署并登陆,12127914,12127767,yb_game.DZDouDiZhu
神来麻将,深圳悦游网络,企业,棋牌游戏,升级,2.1.0,63,2013-08-05 17:42:57,上架,合同签署并登陆,12137563,12104017,com.g.slmahjong.china
神来麻将,深圳悦游网络,企业,棋牌游戏,新版本,2.0.0,62,2013-07-24 11:15:25,上架,合同签署并登陆,12104024,12104017,com.g.slmahjong.china
跑得快（掌联）,xm_zhanglian,企业,棋牌游戏,升级,1.4.5,10405,2013-07-19 18:01:32,上架,合同签署并登陆,12094095,10956584,com.sz.games.paodekuai
摇你妹,orangegame.cn,企业,棋牌游戏,升级,1.07,7,2013-07-19 16:23:26,上架,合同签署并登陆,12094692,11907126,com.orangegame.dice
开心老虎机豪华版,wspyxz,个人,棋牌游戏,新版本,1.0,1,2013-07-19 15:19:42,上架,合同签署并登陆,12093762,12093686,com.easicube.slotmachine.deluxe.cn
摇你妹,orangegame.cn,企业,棋牌游戏,升级,1.05,5,2013-07-15 13:00:46,上架,合同签署并登陆,12072832,11907126,com.orangegame.dice
麻将探险之旅,colinhebe,企业,棋牌游戏,升级,1.5.0,100,2013-07-09 18:25:13,上架,合同签署并登陆,12058711,11801107,com.lvjiaxi.mj.ld
麻将探险之旅HD,colinhebe,企业,棋牌游戏,升级,1.5.0,100,2013-07-09 16:07:13,上架,合同签署并登陆,12058696,11201020,com.lvjiaxi.mj
空当接龙,iceskysnow,个人,棋牌游戏,新版本,4.4.0,404000,2013-06-27 17:01:09,上架,合同签署并登陆,12007682,12007672,com.odesys.freecell.ads
紫金岛三打哈,紫金岛,个人,棋牌游戏,升级,1.4,6,2013-06-24 19:04:15,上架,合同签署并登陆,11995323,11916875,game.com.zjdsdh
跑得快（掌联）,xm_zhanglian,企业,棋牌游戏,升级,1.4.4,10404,2013-06-24 14:41:27,上架,合同签署并登陆,11984577,10956584,com.sz.games.paodekuai
紫金岛三打哈,紫金岛,个人,棋牌游戏,升级,1.3,5,2013-06-10 15:49:54,上架,合同签署并登陆,11932527,11916875,game.com.zjdsdh
填大坑（掌联）,xm_zhanglian,企业,棋牌游戏,升级,1.4.2,10402,2013-06-09 16:20:37,上架,合同签署并登陆,11927413,11778217,com.sz.games.tiandakeng
跑得快（掌联）,xm_zhanglian,企业,棋牌游戏,升级,1.4.3,10403,2013-06-09 16:20:31,上架,合同签署并登陆,11927425,10956584,com.sz.games.paodekuai
真人斗地主（金豆天天送）,jhtl,企业,棋牌游戏,升级,3.4.19,3419,2013-06-07 16:03:56,上架,合同签署并登陆,11920041,11778719,com.mas.wawagame.jjlord3TH
指尖三国,人人游戏,企业,棋牌游戏,升级,2.0.3,2000003,2013-06-07 11:57:52,上架,合同签署并登陆,11918799,11745276,air.com.game.sg3android
扑克九九,bettermanvip,个人,棋牌游戏,新版本,1.0.4,10004,2013-06-06 10:11:58,上架,合同签署并登陆,11912055,11912043,com.puke99
麻将探险之旅HD,colinhebe,企业,棋牌游戏,升级,1.4.18,90,2013-06-03 17:32:06,上架,合同签署并登陆,11897982,11201020,com.lvjiaxi.mj
麻将探险之旅,colinhebe,企业,棋牌游戏,升级,1.4.18,90,2013-06-03 17:32:02,上架,合同签署并登陆,11897992,11801107,com.lvjiaxi.mj.ld
sandaha,紫金岛,个人,棋牌游戏,新版本,1.0,1,2013-06-02 07:32:03,上架,合同签署并登陆,11891424,11891419,game.com
贵阳捉鸡麻将,西部棋牌,企业,棋牌游戏,升级,1.12,4,2013-05-23 15:59:16,上架,合同签署并登陆,11835582,11689534,engtst.mgm.mjgy
麻将探险之旅HD,colinhebe,企业,棋牌游戏,升级,1.4.16,88,2013-05-21 09:19:16,上架,合同签署并登陆,11820186,11201020,com.lvjiaxi.mj
紫金岛跑胡子Pad版,紫金岛,个人,棋牌游戏,新版本,1.1,2,2013-05-19 00:27:52,上架,合同签署并登陆,11781878,11781850,com.runbeard_pad
快乐斗地主,zzcentral,企业,棋牌游戏,升级,1.3.1,5,2013-05-16 17:27:50,上架,合同签署信息通过,11796534,11651145,com.coolplay.ddz.cmge
真人斗地主（金豆天天送）,jhtl,企业,棋牌游戏,新版本,3.4.15,3415,2013-05-14 11:07:40,上架,合同签署并登陆,11778983,11778719,com.mas.wawagame.jjlord3TH
填大坑（掌联）,xm_zhanglian,企业,棋牌游戏,新版本,1.4.1,10401,2013-05-13 17:31:39,上架,合同签署并登陆,11778240,11778217,com.sz.games.tiandakeng
泸州鬼麻将,西部棋牌,企业,棋牌游戏,升级,1.12,4,2013-05-07 14:56:23,上架,合同签署并登陆,11743232,11689472,engtst.mgm.mjlz
指尖三国(新),人人游戏,企业,棋牌游戏,新版本,2.0.2,2000002,2013-05-06 18:14:31,上架,合同签署并登陆,11745305,11745276,air.com.game.sg3android
贵阳捉鸡麻将,西部棋牌,企业,棋牌游戏,新版本,1.11,3,2013-04-25 16:50:42,上架,合同签署并登陆,11689563,11689534,engtst.mgm.mjgy
泸州鬼麻将,西部棋牌,企业,棋牌游戏,新版本,1.11,3,2013-04-25 16:50:34,上架,合同签署并登陆,11689533,11689472,engtst.mgm.mjlz
成都定张麻将,西部棋牌,企业,棋牌游戏,升级,1.11,3,2013-04-23 14:19:23,上架,合同签署并登陆,11673976,11561359,engtst.mgm.mjcd
快乐斗地主,zzcentral,企业,棋牌游戏,新版本,1.3.0,4,2013-04-19 20:49:25,上架,合同签署信息通过,11651209,11651145,com.coolplay.ddz.cmge
博雅广东麻将,mopanshidai,企业,棋牌游戏,升级,1.0.1,2,2013-04-10 19:51:14,上架,合同签署并登陆,11596863,11161205,com.boyaa.gdmj
综艺明星象棋,jianghla,个人,棋牌游戏,新版本,1.1.10,11,2013-04-10 16:47:22,上架,合同已确认并登陆,11581581,11581486,com.kikiplay.KikiChineseChess
愤怒的小鸟太空版,veer,个人,射击游戏,升级,1.5.2,1520,2013-08-15 21:46:29,上架,合同签署并登陆,12174539,10019068,com.rovio.angrybirdsspace.ads
方块塔防 | Block Defender,veer,个人,射击游戏,新版本,1.1.2,2,2013-08-06 18:33:14,上架,合同签署并登陆,12142468,12142429,com.lunagames.blockdefender
CS枪神2013,ada,个人,射击游戏,新版本,1.0.0.2,1,2013-07-24 11:11:25,上架,合同签署并登陆,12103391,12103386,com.monster.game23
关键任务：特警行动 | Critical Missions：SWAT,veer,个人,射击游戏,升级,2791,2640,2013-07-15 19:03:21,上架,合同签署并登陆,12080964,11342941,com.studioonmars.csportable_paid
最后的防线HD,中国移动游戏基地,企业,射击游戏,新版本,3.0.2,84,2013-07-11 16:09:20,上架,合同签署并登陆,12068420,12068413,com.dafeimobile.tldhd
小森林战役,xishinet,企业,射击游戏,新版本,1.0.1,1,2013-07-09 10:57:11,上架,合同签署并登陆,12053171,12053097,com.xishi.forestwar
暗影之枪免验证直装版（通用）,veer,个人,射击游戏,新版本,1.3.0,80000300,2013-07-05 11:20:13,上架,合同签署并登陆,12037208,12037169,com.madfingergames.shadowgun_amz
坦克向前冲,flyfish,个人,射击游戏,新版本,1.0,1,2013-06-24 14:05:11,上架,合同已确认并登陆,11993773,11993756,com.flyfish.TankWar
愤怒之翼：海军突袭,w2585656311,个人,射击游戏,新版本,1.4,5,2013-06-17 10:17:53,上架,合同签署并登陆,11957728,11957717,com.zxwingsoffuryfreeff
超级突击队 | UberStrike: The FPS,veer,个人,射击游戏,升级,4.3.11.1,6,2013-06-06 13:56:01,上架,合同签署并登陆,11913574,10953141,com.cmune.uberstrike.android
霓虹银河之战,iceskysnow,个人,射击游戏,新版本,1.1.2,41,2013-05-31 17:20:18,上架,合同签署并登陆,11884754,11884683,ffgames.neonwave.free
CS穿越火线-使命召唤,fanyigongsi,企业,射击游戏,新版本,1.0,1,2013-05-31 13:40:02,上架,合同签署并登陆,11883274,11883248,com.xuanku.SiKaiCsChuanYueShiMing
飞鸟突袭,iceskysnow,个人,射击游戏,新版本,1.0,1,2013-05-30 18:16:05,上架,合同签署并登陆,11878879,11878871,com.droidhermes.birdattack
疯狂大猩猩,iceskysnow,个人,射击游戏,新版本,5.0,5,2013-05-30 13:44:46,上架,合同签署并登陆,11878055,11878043,com.srinigames.crazygorilla.lite
打野鸡,iceskysnow,个人,射击游戏,新版本,1.5,11,2013-05-23 11:41:16,上架,合同签署并登陆,11836172,11836128,com.gibbedgames.turkeyseason
迷你英雄 并肩作战修改版,veer,个人,射击游戏,新版本,1.2,3,2013-05-16 15:12:05,上架,合同签署并登陆,11794541,11794516,com.trinitigame.android.comds
熊猫大侠,玉米树科技,企业,射击游戏,升级,23.2.23,34,2013-05-03 12:38:25,上架,合同签署并登陆,11728379,10440964,com.corntree.PandaHeroes
熊猫大侠HD,玉米树科技,企业,射击游戏,升级,23.2.23,34,2013-05-03 12:38:21,上架,合同签署并登陆,11728394,10875993,com.corntree.PandaHeroesHD
玩具轰炸机 | Toy Bomber,veer,个人,射击游戏,新版本,1.0.9,7,2013-04-19 15:13:30,上架,合同签署并登陆,11649400,11649390,com.Membranos.toybomber
射杀僵尸 | Zombie Kill of the Week,veer,个人,射击游戏,新版本,1.0.1,1000001,2013-04-19 14:13:34,上架,合同签署并登陆,11648831,11648825,com.panicartstudios.zkotw
田园打鸟 ShootTheBirds,veer,个人,射击游戏,新版本,1.02,3,2013-04-12 16:49:38,上架,合同签署并登陆,11608925,11608909,pl.idreams.Birds
破飞机的旅程 Scrap Hunt,veer,个人,射击游戏,新版本,1.0.0,1000000,2013-04-10 15:57:36,上架,合同签署并登陆,11595924,11595915,com.antonhultdin.scraphunt
3D射箭 2,tenone,企业,射击游戏,新版本,2.0.0,5,2013-04-03 17:10:17,上架,合同签署并登陆,11559774,11559714,cn.tenone.archery.mm
战争机器,magicbird,企业,射击游戏,新版本,1.0,1000000,2013-04-01 13:17:38,上架,合同签署并登陆,11536990,11536941,air.com.zhihuasi.warmachine
沙漠大战 | Desert 51,veer,个人,射击游戏,新版本,2.01,4,2013-03-27 16:00:31,上架,合同签署并登陆,11521096,11521084,com.theCoreFactory.Desert51
反恐突击队 Gun Strike,PaladinGames,企业,射击游戏,升级,1.2.10,31,2013-03-27 15:10:37,上架,合同签署并登陆,11520670,11325649,com.paladin.GunStrike
AIWI游戏大厅(A21专版),jianghla,个人,体感游戏,新版本,0.4.0408.3,53,2013-04-10 16:47:18,上架,合同已确认并登陆,11582009,11581970,com.aibelive.aiwia
可爱弓箭手（A21专版）,jianghla,个人,体感游戏,新版本,1.7,2,2013-04-10 16:47:16,上架,合同已确认并登陆,11582114,11582075,com.Aibelive.CuteArchera
运动加加,jianghla,个人,体感游戏,新版本,2.15.0,21500,2013-04-10 16:47:14,上架,合同已确认并登陆,11573237,11573172,com.app.xjiajia
魔幻羽球(A21专版),jianghla,个人,体感游戏,新版本,1.0,1,2013-04-10 16:47:03,上架,合同已确认并登陆,11582074,11582010,com.Aibelive.Badmintona
黄蜂防御,July125,个人,体感游戏,新版本,1.4,133,2013-04-10 10:21:57,上架,合同签署并登陆,11593915,11593872,cc.capable.bumbledore
指厕所,jianghla,个人,体感游戏,新版本,1.0,1,2013-04-08 13:54:14,上架,合同已确认并登陆,11559283,11559262,com.edong.lenovo.rushToTheToilet
Happy Truck,3g60,个人,体育竞技,升级,1.20,6,2013-08-18 16:38:46,上架,合同签署并登陆,12180604,11704983,com.tophotapp.happytruck
街头篮球-1秒必杀,fanyigongsi,企业,体育竞技,新版本,1.0,1,2013-08-16 18:06:40,上架,合同签署并登陆,12177586,12177572,com.fox.basketball.sk
Asphalt5,veer,个人,体育竞技,新版本,3.1.9,319,2013-08-15 21:20:32,上架,合同签署并登陆,12174485,12174460,com.gameloft.android.GAND.GloftAsphalt5.asphalt5
3D终极狂飙3,xiaoao,企业,体育竞技,升级,1.0.4,5,2013-08-15 18:44:37,上架,合同签署并登陆,12173975,12148924,com.sxiaoao.car3d3
香港赛马,orangegame.cn,企业,体育竞技,升级,1.1,2,2013-07-22 12:41:44,上架,合同签署并登陆,12094761,12083500,cn.orange.horseracing
山地越野赛车,xcsiexchange,个人,体育竞技,新版本,1.0,1,2013-07-22 09:47:52,上架,合同签署并登陆,12098031,12098024,com.mountain.offroadracing
Happy Truck,3g60,个人,体育竞技,升级,1.12,5,2013-07-19 18:49:36,上架,合同签署并登陆,12094497,11704983,com.tophotapp.happytruck
真实停车3D | RealParking3D,veer,个人,体育竞技,升级,2.1.1,162,2013-07-18 10:23:44,上架,合同签署并登陆,12089025,11667753,com.clius.realparking3d
赛车大战僵尸,达趣科技,企业,体育竞技,升级,1.1,2,2013-07-11 14:19:22,上架,合同签署并登陆,12064084,11972601,zy.g20130619174140
台球帝国,dreamtopone,企业,体育竞技,新版本,1.67,11,2013-07-01 16:33:07,上架,合同签署并登陆,12019463,12019459,org.tinghood.TpsForMobile
乒乓球联赛3D-II,tenone,企业,体育竞技,升级,2.0.8,4,2013-06-27 17:19:08,上架,合同签署并登陆,12008083,11575596,cn.tenone.ttl.mm
特技摩托车2 | Stick Stunt Biker 2,veer,个人,体育竞技,新版本,1.9,10,2013-06-06 17:01:54,上架,合同签署并登陆,11913635,11913627,com.djinnworks.StickStuntBiker2.free
3D美女桌球,fddg345,个人,体育竞技,新版本,3.2.1,301,2013-06-04 14:58:10,上架,合同签署并登陆,11901571,11901564,com.kb.Caaarrom3DFull
乒乓球联赛3D-II,tenone,企业,体育竞技,升级,2.0.7,2,2013-05-29 17:36:36,上架,合同签署并登陆,11870514,11575596,cn.tenone.ttl.mm
桌上足球,iceskysnow,个人,体育竞技,新版本,1.0.4,5,2013-05-28 16:58:38,上架,合同签署并登陆,11863109,11863103,com.ludusstudio.jagga
专业斯诺克2012 | Pro Snooker 2012,veer,个人,体育竞技,新版本,1.7,7,2013-05-27 11:01:15,上架,合同签署并登陆,11855901,11855894,com.iwaredesigns.prosnooker2012
丛林撞球 Jungle Smash,veer,个人,体育竞技,新版本,1.6,2,2013-05-23 18:42:24,上架,合同签署并登陆,11838766,11838755,hitel.net.JungleSmash
超级火柴人高尔夫2 Super Stickman Golf 2,veer,个人,体育竞技,新版本,1.0.6,6,2013-05-23 17:42:20,上架,合同签署并登陆,11838256,11838241,com.noodlecake.ssg2
3D桌球专业版,iceskysnow,个人,体育竞技,新版本,2.2.2,222,2013-05-23 10:47:16,上架,合同签署并登陆,11835566,11835542,com.kb.Carrom3DFull
速度与激情6 直装版,veer,个人,体育竞技,新版本,1.0,1,2013-05-22 15:05:39,上架,合同签署并登陆,11828220,11828160,com.kabam.ff6android
超音速飞行 3D(汉化版),iceskysnow,个人,体育竞技,新版本,1.21,21,2013-05-09 15:10:23,上架,合同签署并登陆,11762847,11762830,net.osaris.turbofly
极限传说,qywz1995,个人,体育竞技,升级,1.04,14,2013-04-25 16:32:36,上架,合同签署并登陆,11492958,10888998,com.jxcsmu.jxcsmucpc
指尖赛车2 | Draw Race 2,veer,个人,体育竞技,新版本,1.1.0,10100,2013-04-19 14:13:25,上架,合同签署并登陆,11648854,11648844,com.chillingo.drawrace2gplay.android.row
亡命威龙 Smash Heat,veer,个人,体育竞技,新版本,1.07.12,38,2013-04-03 18:58:15,上架,合同签署并登陆,11560569,11560562,com.hutchgames.smashcopsheat
跑酷功夫熊猫,upup,个人,体育竞技,新版本,1.0.58,59,2013-04-01 15:09:13,上架,合同签署并登陆,11550058,11550016,com.philzhu.www.parkourcdvrwys
尘埃：越野赛车 | Dust: Offroad Racing,veer,个人,体育竞技,新版本,1.3.1,10,2013-03-27 15:16:30,上架,合同签署并登陆,11520870,11520826,com.catmoonproductions.dust
3D极限摩托,feixiang579,个人,体育竞技,新版本,1.23,33,2013-03-26 16:01:41,上架,合同签署并登陆,11512623,11512556,com.appgames.trial
Bumblebee Race,July125,个人,体育竞技,新版本,1.19,112,2013-03-25 13:51:21,上架,合同签署并登陆,11481858,11481761,org.warned.wf_inap
口袋战争,kongzhonggame,企业,养成游戏,升级,1.10,8,2013-07-08 14:27:24,上架,合同签署并登陆,12051498,11891283,com.noumena.android.m1
口袋战争,kongzhonggame,企业,养成游戏,升级,1.07,7,2013-06-19 11:47:40,上架,合同签署并登陆,11970578,11891283,com.noumena.android.m1
石器时代OL,有米传媒,企业,养成游戏,升级,2.5.0,250,2013-05-24 10:24:22,上架,合同签署并登陆,11842634,11572336,com.gamebean.stoneageol.hd
糖果女孩大派对,godenlig,个人,养成游戏,新版本,1.0.0,1,2013-05-10 15:16:32,上架,合同签署并登陆,11536227,11536223,game.tiaogirl_ido
神殿护卫,magicbird,企业,养成游戏,新版本,1.0.0,1000000,2013-03-27 12:36:37,上架,合同签署并登陆,11442994,11442933,air.com.zhihuasi.templeguard
天天玩消除,rootroader,个人,益智休闲,升级,1.2,2,2013-08-19 17:28:42,上架,合同签署信息通过,12183646,12165191,com.bindinglogo.iwan
秋千游戏3(SwingGame3rd),veer,个人,益智休闲,升级,3.3,33,2013-08-19 16:22:34,上架,合同签署并登陆,12183032,10772057,jp.kuma360.blanco3
淘气猫咪战斗团(Naughty Kitties),veer,个人,益智休闲,升级,2.0.4,15,2013-08-19 13:36:57,上架,合同签署并登陆,12182147,11837960,com.cis.nk
颜色星球,feixiang579,个人,益智休闲,新版本,1.2,6,2013-08-19 12:02:33,上架,合同签署并登陆,12182073,12182063,com.coop_ox.colorstarfix_0
三国妖仙,guopai,个人,益智休闲,新版本,1.12.0615,1120615,2013-08-17 17:36:35,上架,合同签署并登陆,12179823,12179806,com.mnje.westyou
修仙传,guopai,个人,益智休闲,新版本,1.12.0615,1120615,2013-08-17 10:38:33,上架,合同签署并登陆,12178619,12178605,com.mnje.westtravel
3D觸控俄羅斯方塊,yangjihang0505,个人,益智休闲,新版本,1.1 beta 9,24,2013-08-16 18:36:45,上架,合同签署并登陆,12177801,12177793,com.beyondinfinity.tetrocratefix_0
儿童拼图,yangjihang0505,个人,益智休闲,新版本,2.8.22,2822,2013-08-16 18:36:34,上架,合同签署并登陆,12177812,12177803,com.appgamess.ertongpintu
嘭嘭嘭!!气球,tianzhen1,个人,益智休闲,新版本,2.0,2,2013-08-15 16:50:32,上架,合同签署并登陆,12173405,12173397,com.xianhu.ppqiqiuAdapp_0
黑暗的故事: 午夜杀手,veer,个人,益智休闲,新版本,1.0.7,9,2013-08-15 16:30:48,上架,合同签署并登陆,12173247,12173241,com.mpisoft.dark_stories.midnight_killer_yyh
砖块拆除II,jiangmei880305,个人,益智休闲,新版本,1.0.0,1000000,2013-08-15 14:48:37,上架,合同签署并登陆,12172891,12172875,air.com.web4games.bricksbreakingiiapp_0
捣蛋猪高清版 | Bad Piggies HD,veer,个人,益智休闲,新版本,1.1.0,1100,2013-08-15 11:06:36,上架,合同签署并登陆,12172166,12172149,com.rovio.BadPiggiesHD
爱音乐,candyling7911,个人,益智休闲,新版本,1.0.0_0,1000,2013-08-14 17:56:38,上架,合同签署并登陆,12169893,12169880,com.test.music
天下第一帮,celery0922,企业,益智休闲,新版本,2.1,21,2013-08-14 17:46:31,上架,合同签署并登陆,12169688,12169655,com.wx.tkwan2
噗嗵(Bloop - Tabletop Finger Frenzy),veer,个人,益智休闲,新版本,1.0,1,2013-08-14 16:24:39,上架,合同签署并登陆,12168813,12168809,com.noodlecake.bloop
泡泡巫女传说(Bubble Witch Saga),veer,个人,益智休闲,新版本,3.0.2,35,2013-08-14 15:54:31,上架,合同签署并登陆,12168929,12168911,com.midasplayer.apps.bubblewitch
終極跑酷,whitecakevip,个人,益智休闲,新版本,1.0.3,4,2013-08-13 17:20:29,上架,合同签署并登陆,12165512,12165498,com.droidhermes.xscapeapp_0
幸运大转盘,orangegame.cn,企业,益智休闲,新版本,1.0,1,2013-08-13 15:02:30,上架,合同签署并登陆,12163466,12163450,com.orangegame.roulette
宝宝拼图-交通工具1.4,caoyuan,个人,益智休闲,新版本,1.4,7,2013-08-13 14:08:29,上架,合同签署并登陆,12163993,12163958,com.sg.android.childpuzzle.vehicleapp_0
水果忍者：穿靴子的猫,idreamsky,企业,益智休闲,升级,1.1.6,1106,2013-08-12 15:14:29,上架,合同签署并登陆,12160624,10995718,com.halfbrick.fruitninjapib
你好外星人,klamate,个人,益智休闲,新版本,1.2,3,2013-08-10 04:05:49,上架,合同签署并登陆,12142203,12142187,com.wubaoming.HelloET
西红柿历险记,lovestevevai,个人,益智休闲,升级,1.0.3,4,2013-08-09 17:26:06,上架,合同签署并登陆,12152459,11678178,com.ye.tomato
攻城英雄,idreamsky,企业,益智休闲,升级,1.0.5,6,2013-08-09 15:53:54,上架,合同签署并登陆,12152208,11417451,com.miniclip.siegeheroskynet
宝石迷情,fanyigongsi,企业,益智休闲,新版本,1.0,1,2013-08-09 14:29:49,上架,合同签署并登陆,12151489,12151466,zdtx.game.diamon
怪物射手,idreamsky,企业,益智休闲,升级,2.2,10001510,2013-08-09 11:53:49,上架,合同签署并登陆,12151414,11555616,com.gamelion.MonsterShooter
十三张（掌联）,xm_zhanglian,企业,益智休闲,升级,1.4.5,10405,2013-08-09 09:52:11,上架,合同签署并登陆,12149273,10975055,com.sz.games.shisanzhang
疯狂丢熊猫,idreamsky,企业,益智休闲,升级,1.0.5,6,2013-08-08 16:31:19,上架,合同签署并登陆,12149009,11417397,com.miniclip.pandaskynet
蹦蹦鼠,idreamsky,企业,益智休闲,升级,1.3,36,2013-08-08 14:33:14,上架,合同签署并登陆,12148712,11555530,com.munkadoo.bouncymousecm
宠物狗护理店,yangyang8671,个人,益智休闲,新版本,1.0,1000000,2013-08-08 11:37:17,上架,合同签署并登陆,12148291,12148286,com.chongwugouhulidian
滴滴和弦 | Dropchord,veer,个人,益智休闲,新版本,1.0.0,1,2013-08-06 15:11:16,上架,合同签署并登陆,12141563,12141545,com.doublefine.rad
南方公园：百万富翁大挑战,gpworks,个人,益智休闲,新版本,1.4.9,1004009,2013-08-04 15:32:18,上架,合同签署并登陆,12134531,12134513,com.realarcade.SP3
愤怒的小鸟里约大冒险官方版 Angry Birds Rio,rovio,个人,益智休闲,升级,1.7.0,1700,2013-08-01 14:51:31,上架,合同已确认并登陆,12125815,10015604,com.rovio.angrybirdsrio
黑暗沼泽庄园（汉化）,iceskysnow,个人,益智休闲,新版本,1.0.0,119,2013-08-01 14:11:31,上架,合同签署并登陆,12124910,12124879,com.inertiasoftware.darkmoorpaid
弹丸轮舞吧 汉化版,veer,个人,益智休闲,新版本,1.01,2,2013-07-31 16:47:31,上架,合同签署并登陆,12122346,12122204,co.p.spike.alter
谁动了我的奶酪,gpworks,个人,益智休闲,新版本,1.0,1,2013-07-31 16:17:35,上架,合同签署并登陆,12122166,12122082,net.noobware.cheeseplease
救救我 | Rescue Me - The Adventures,veer,个人,益智休闲,升级,1.08,12,2013-07-31 14:33:28,上架,合同签署并登陆,12121791,11958679,com.pocketscientists.rescueme0
终极数独,masklikenana,个人,益智休闲,新版本,4.1.0,27,2013-07-30 13:44:04,上架,合同签署并登陆,12117541,12117535,com.rt.acrosudokufree
捕鱼大亨,中国移动游戏基地,企业,益智休闲,新版本,1.17,7,2013-07-29 11:15:59,上架,合同签署并登陆,12114098,12114090,com.kingnet.fishtycoonLeDou
碰你妹,promotion,个人,益智休闲,新版本,1.0,1,2013-07-25 15:33:08,上架,合同签署并登陆,12103872,12103833,com.bluebird.mnllc
水果忍者,idreamsky,企业,益智休闲,升级,1.8.6.2,1809,2013-07-24 15:11:09,上架,合同签署并登陆,12106081,11555401,com.halfbrick.fruitninja
滚吧水果,KS_KQC,企业,益智休闲,升级,2.0,3,2013-07-20 10:51:29,上架,合同签署并登陆,12095622,11443822,org.cocos2dx.KickBug
推出红方块,zlbqyj,个人,益智休闲,升级,3.0.6,26,2013-07-19 19:01:54,上架,合同签署并登陆,12094981,11994968,zl.Louis.PushRedBlock
叠方块,zlbqyj,个人,益智休闲,升级,3.0.6,26,2013-07-19 18:59:48,上架,合同签署并登陆,12094964,11994966,zl.Louis.FitItQuick
蜡笔方块,zlbqyj,个人,益智休闲,升级,3.0.6,26,2013-07-19 18:59:45,上架,合同签署并登陆,12094937,11994963,zl.Louis.CrayonBox
水果老虎机,orangegame.cn,企业,益智休闲,升级,1.7,7,2013-07-19 16:27:26,上架,合同签署并登陆,12094628,11650789,com.orange.slotmachine
超级炸弹鱼,pppyparker,个人,益智休闲,新版本,fishing1.0.3,1003,2013-07-17 18:47:25,上架,合同签署并登陆,12087603,12087545,com.benzul.fishing
猎杀飞鸟,snow99612,个人,益智休闲,新版本,1.1,4,2013-07-17 13:53:32,上架,合同签署并登陆,12085839,12085814,com.shootthebirds
植物大战僵尸无尽版,pitayamobile,企业,益智休闲,新版本,30.3,222,2013-07-11 17:13:21,上架,合同签署信息通过,12063681,12063651,com.popcap.pvzthird
动友大富翁,xiaozhi159,个人,益智休闲,新版本,1.0,1,2013-07-10 18:29:14,上架,合同签署并登陆,12064236,12064168,com.appgamess.dydfw
趣味猜球,isnopass,个人,益智休闲,新版本,1.0.5,6,2013-07-10 17:17:15,上架,合同签署并登陆,12063975,12063951,com.cn.android.gavin.findball
十三张（掌联）,xm_zhanglian,企业,益智休闲,升级,1.4.4,10404,2013-07-10 16:57:22,上架,合同签署并登陆,12062235,10975055,com.sz.games.shisanzhang
拉厕纸,veer,个人,益智休闲,新版本,1.1,2,2013-07-10 15:19:11,上架,合同签署并登陆,12063284,12063266,com.amewong.dtp
拼图企鹅,hellozheng,个人,益智休闲,新版本,2.8.22,2822,2013-07-10 13:57:19,上架,合同签署并登陆,12061707,12061694,com.yodesoft.yopuzzlePenguinsapp
乐高城市救援队 | LEGO City Rapid Rescue,veer,个人,益智休闲,新版本,1.0.0,1000000,2013-07-08 19:25:32,上架,合同签署并登陆,12054294,12054279,air.com.lego.city.rapidrescue
钉子户大战拆迁队,beilisi,个人,益智休闲,新版本,1.0,1000000,2013-07-08 15:53:14,上架,合同签署并登陆,12052444,12052398,air.com.miragine.NailHouseholdapp
爆炸小鸟对对碰,newcpu,个人,益智休闲,新版本,1.0,1000000,2013-07-05 19:27:18,上架,合同签署并登陆,12042433,12042277,air.com.newcpu2103.newcate
Angry Birds,rovio,个人,益智休闲,升级,3.2.0,3200,2013-07-05 17:19:20,上架,合同已确认并登陆,12042549,10015597,com.rovio.angrybirds
百厕逃脱,iceskysnow,个人,益智休闲,新版本,1.0.4,7,2013-07-05 14:09:12,上架,合同签署并登陆,12041525,12041493,com.cybergate.toilets
水果老虎机,orangegame.cn,企业,益智休闲,升级,1.6,6,2013-07-05 12:16:12,上架,合同签署并登陆,12041006,11650789,com.orange.slotmachine
水果老虎机(赢话费),wspyxz,个人,益智休闲,新版本,1.0,1,2013-07-03 18:46:40,上架,合同签署并登陆,12030063,12030058,com.gf.laohuji
找茬萌翻天,hellozheng,个人,益智休闲,新版本,1.0,1,2013-07-02 19:41:34,上架,合同签署并登陆,12024474,12024467,com.zhaochamengfantian
迷城宝藏,蜂鸟游戏,个人,益智休闲,升级,1.02.02,10202,2013-06-28 11:01:02,上架,合同签署信息通过,12010831,11908168,com.t3.gameJewelJJ
魔鬼的烦恼,iceskysnow,个人,益智休闲,新版本,1.0.1,3,2013-06-27 17:01:19,上架,合同签署并登陆,12007716,12007705,com.ursinepaw.evilintrouble
Divide,XiaoXiao,个人,益智休闲,新版本,1.1,1001000,2013-06-26 13:24:07,上架,合同签署并登陆,12003638,12003549,air.com.benyhe.DivideFree
CutAndSlice,XiaoXiao,个人,益智休闲,新版本,1.1,1001000,2013-06-25 19:31:58,上架,合同签署并登陆,12000239,12000228,air.com.benyhe.CutandSliceFree
迪士尼游戏,17VEE,企业,益智休闲,新版本,2.1.3,100,2013-06-25 17:36:06,上架,合同签署并登陆,11993723,11993720,cn.cloudfox.station.game
游戏大厅,17VEE,企业,益智休闲,新版本,3.1.8,115,2013-06-25 17:36:02,上架,合同签署并登陆,11993712,11993164,com.andlisoft.station.game
饥饿鱼,tenone,企业,益智休闲,升级,1.0.6,7,2013-06-24 14:43:09,上架,合同签署并登陆,11985174,11837102,cn.tenone.HungryFish
像素突袭,zhaohong77812,个人,益智休闲,新版本,1.0.4,6,2013-06-24 09:43:11,上架,合同签署并登陆,11993161,11993153,com.Negrin.PixelRaid1_0
火柴人跳楼,ziweixing1029,个人,益智休闲,新版本,2.7,18,2013-06-21 13:53:17,上架,合同签署并登陆,11983353,11983340,com.djinnworks.StickmanBaseJumper.lite_0
米奇小顽皮,PunchBox,企业,益智休闲,新版本,1.0,1,2013-06-20 16:15:42,上架,合同签署并登陆,11976320,11976256,com.disney.wheremymickey
口袋侦探,veer,个人,益智休闲,新版本,1.0.7,16,2013-06-20 13:49:39,上架,合同签署并登陆,11976961,11976951,com.creativefactory
鸡的战争,prettyfox200,个人,益智休闲,新版本,1.0,2,2013-06-20 12:55:40,上架,合同签署并登陆,11976442,11976409,chickenwars.fagstudio.Eng_0
沼泽塔防,freedman_chen,个人,益智休闲,新版本,1.0,1,2013-06-20 01:03:41,上架,合同签署并登陆,11973863,11973855,com.jasmine.monsterdefensegles
愤怒的小鸟:星球大战,veer,个人,益智休闲,升级,1.3.0,1300,2013-06-19 17:01:47,上架,合同签署并登陆,11972100,10843784,com.rovio.angrybirdsstarwars.ads.iap
卢克看星星,rainnyday00,个人,益智休闲,新版本,1.0.1,1000001,2013-06-19 14:57:44,上架,合同签署并登陆,11971280,11971271,air.com.alpaca.luke_0
方块物语,caoyuan,个人,益智休闲,新版本,1.3,4,2013-06-17 10:22:02,上架,合同签署并登陆,11957786,11957761,com.appgames.fkwy
冰河世纪雪中奔跑,1828189497,个人,益智休闲,新版本,1.2.28,201233539,2013-06-14 12:51:57,上架,合同签署并登陆,11434037,11434031,com.runner.game.kskdksdkmdfgfbfghn
赢话费水果十字消,linkyun,个人,益智休闲,新版本,1.0,1,2013-06-13 14:24:30,上架,合同签署信息通过,11938457,11938349,com.ly.a12.lenovo
猜你妹,17vee,个人,益智休闲,新版本,1.1.1,1,2013-06-09 16:20:34,上架,合同签署信息通过,11927353,11927321,cn.hz.d9.zqdn.main
十三张（掌联）,xm_zhanglian,企业,益智休闲,升级,1.4.3,10403,2013-06-09 16:20:14,上架,合同签署并登陆,11927386,10975055,com.sz.games.shisanzhang
喂养蜘蛛,iceskysnow,个人,益智休闲,新版本,2.2,901220,2013-06-09 11:36:07,上架,合同签署并登陆,11927640,11927608,com.blyts.greedyspiders.free
泡泡龙赢话费,orangegame.cn,企业,益智休闲,升级,1.3,4,2013-06-08 18:11:57,上架,合同签署并登陆,11924975,11650937,com.orangegame.puzzle
黄金矿工3,orangegame.cn,企业,益智休闲,升级,1.05,5,2013-06-08 11:26:01,上架,合同签署并登陆,11923064,11739818,com.orangegame.goldenminer
水果老虎机,orangegame.cn,企业,益智休闲,升级,1.5,5,2013-06-08 11:04:37,上架,合同签署并登陆,11923008,11650789,com.orange.slotmachine
我的钢琴,whitecakevip,个人,益智休闲,新版本,3.3,24,2013-06-07 17:28:03,上架,合同签署并登陆,11920495,11920475,com.appgames.com.bti.myPiano
坏小鱼,iceskysnow,个人,益智休闲,新版本,1.0.2,3,2013-06-07 16:58:15,上架,合同签署并登陆,11920340,11920330,com.tapthatapp.badfishies
特快列车,yingying01,个人,益智休闲,新版本,1.0.2,1000002,2013-06-07 16:03:52,上架,合同签署并登陆,11920039,11920011,com.tekuailieche
插槽泰坦,caoyuan,个人,益智休闲,新版本,1.0.4,1000004,2013-06-07 10:57:51,上架,合同签署并登陆,11918371,11918358,com.chacaotaitan
公寓塔防,daai123,个人,益智休闲,新版本,1.0,1,2013-06-06 14:40:06,上架,合同签署并登陆,11913778,11913777,com.gongyutafang
飞翔的小球,veer,个人,益智休闲,新版本,1.0.3,4,2013-06-06 14:15:54,上架,合同签署并登陆,11913675,11913668,com.snowforge.flyingbob
小鲨鱼拔牙齿,ncfrank88,个人,益智休闲,新版本,1.0,1,2013-06-05 22:00:01,上架,合同签署并登陆,11910330,11910313,com.shake.dentist
迷城宝藏,蜂鸟游戏,个人,益智休闲,新版本,1.01.01,10101,2013-06-05 15:13:42,上架,合同签署信息通过,11908248,11908168,com.t3.gameJewelJJ
弹你妹,17vee,个人,益智休闲,升级,2.0.1,2000001,2013-06-04 18:00:57,上架,合同签署信息通过,11898168,11872777,air.tannimei
旋转泡泡龙,tianzhen1,个人,益智休闲,新版本,1.5,6,2013-06-04 15:46:02,上架,合同签署并登陆,11903358,11903353,com.appgames.com.snowcold.game.beans
爆破杰克 | Dynamite Jack,veer,个人,益智休闲,新版本,1.0.26,1000026,2013-06-04 14:52:21,上架,合同签署并登陆,11901367,11901360,com.galcon.dynamitejack
水滴解密之记忆 | Quell Memento,veer,个人,益智休闲,新版本,1.00,1,2013-06-04 14:52:06,上架,合同签署并登陆,11901400,11901393,com.fallentreegames.amazon.quellmemento
饥饿鱼,tenone,企业,益智休闲,升级,1.0.3,4,2013-06-03 17:20:13,上架,合同签署并登陆,11895985,11837102,cn.tenone.HungryFish
炫光吃豆人,iceskysnow,个人,益智休闲,新版本,1.1.1,5,2013-05-31 18:42:01,上架,合同签署并登陆,11885125,11885110,com.diolatzis.neon
僵尸爱吃鸡,whitecakevip,个人,益智休闲,新版本,1.0.3,4,2013-05-31 16:04:10,上架,合同签署并登陆,11884320,11884300,com.appgames.com.dfasf.zombies.jump
黄金矿工3,orangegame.cn,企业,益智休闲,升级,1.02,3,2013-05-30 18:54:16,上架,合同签署并登陆,11880079,11739818,com.orangegame.goldenminer
黑暗中的埃米莉,iceskysnow,个人,益智休闲,新版本,1.0,1,2013-05-30 18:22:05,上架,合同签署并登陆,11878945,11878934,com.emillyindarkness
水果老虎机,orangegame.cn,企业,益智休闲,升级,1.3,4,2013-05-30 16:56:10,上架,合同签署并登陆,11879363,11650789,com.orange.slotmachine
飞天企鹅2,iceskysnow,个人,益智休闲,新版本,2.3,9,2013-05-30 13:44:43,上架,合同签署并登陆,11878040,11878019,com.topfreegames.penguinfree2
小小杰克,iceskysnow,个人,益智休闲,新版本,1.8,9,2013-05-28 16:54:36,上架,合同签署并登陆,11862801,11862787,com.panthora.tinyjack.lite
玩具总动员：粉碎计划 | Toy Story: Smash It,veer,个人,益智休闲,升级,1.1.0,55,2013-05-27 11:23:07,上架,合同签署并登陆,11856035,11350217,com.disney.ToyStorySmashIt.goo
航空牧场?????????,iceskysnow,个人,益智休闲,新版本,1.1.3,105,2013-05-24 17:15:07,上架,合同签署并登陆,11845011,11844997,uk.co.bigfungames.android.flightfrenzy
绵羊特工 Agent Sheep,veer,个人,益智休闲,新版本,1.20,26,2013-05-23 17:21:21,上架,合同签署并登陆,11838094,11838073,com.AgentSheep.BeepGames
水果老虎机,orangegame.cn,企业,益智休闲,升级,1.2,3,2013-05-23 17:05:16,上架,合同签署并登陆,11838235,11650789,com.orange.slotmachine
饥饿鱼,tenone,企业,益智休闲,新版本,1.0.1,2,2013-05-23 16:01:19,上架,合同签署并登陆,11837111,11837102,cn.tenone.HungryFish
七巧板,iceskysnow,个人,益智休闲,新版本,1.2,13,2013-05-22 16:13:57,上架,合同签署并登陆,11830310,11830296,com.arent.myfirsttangrams
喷嚏泡泡,iceskysnow,个人,益智休闲,新版本,1.1.3,8,2013-05-22 15:32:22,上架,合同签署并登陆,11829969,11829936,com.retrodreamer.Sneezies
踢老板2 Kick the Boss 2,veer,个人,益智休闲,新版本,1.6,19,2013-05-21 15:51:17,上架,合同签署并登陆,11823443,11823422,com.gamehivecorp.kicktheboss2r
超级蠕虫大战圣诞老人2 | Super Mega Worm Vs Santa 2,veer,个人,益智休闲,新版本,1.0.5,4,2013-05-21 15:35:21,上架,合同签署并登陆,11823263,11823226,com.deceasedpixel.smwxmas2
愤怒的小鸟万圣节版 | Angry Birds Seasons,rovio,个人,益智休闲,升级,3.3.0,3300,2013-05-17 16:25:52,上架,合同已确认并登陆,11802316,11047859,com.rovio.angrybirdsseasons
忍者扔飞镖 | Ninja Throw,veer,个人,益智休闲,新版本,1.0.1,101,2013-05-17 15:03:58,上架,合同签署并登陆,11801706,11801695,com.chillingo.ninjathrow.android.rowgplay
糖果赛车,iceskysnow,个人,益智休闲,新版本,1.1,6,2013-05-15 17:47:53,上架,合同签署并登陆,11791203,11791189,de.tiltgames.candyracer_full
弹跳毛球汉化版,iceskysnow,个人,益智休闲,新版本,1.13,5,2013-05-15 16:31:52,上架,合同签署并登陆,11790596,11790590,com.kiddgames.poppingfluffy
弹性世界汉化版,iceskysnow,个人,益智休闲,新版本,1.4.4,14,2013-05-15 16:31:50,上架,合同签署并登陆,11790605,11790597,com.elasticworld.full
猜水容量汉化版,iceskysnow,个人,益智休闲,新版本,1.16,16,2013-05-15 16:25:55,上架,合同签署并登陆,11790564,11790535,com.chuslab.WaterCapacity
十三张（掌联）,xm_zhanglian,企业,益智休闲,升级,1.4.2,10402,2013-05-14 16:35:46,上架,合同签署并登陆,11782262,10975055,com.sz.games.shisanzhang
飞跃死城,veer,个人,益智休闲,新版本,1.1,2,2013-05-14 14:39:39,上架,合同签署并登陆,11782925,11782918,com.chopperkhan.escapefromthedead_yyh
机器人大战 | Mecha-Mecha Panic!,veer,个人,益智休闲,新版本,undefined,23,2013-05-13 17:29:43,上架,合同签署并登陆,11776895,11776877,com.gameclosurelabs.mechamechapanic
愤怒的老奶奶之逃离辐射城,veer,个人,益智休闲,新版本,1.1.6,10,2013-05-13 14:58:26,上架,合同签署并登陆,11776681,11776670,com.aceviral.agrr
海盗宝藏3（最佳人气金苹果奖）,17vee,个人,益智休闲,升级,2.0.0,2000000,2013-05-10 11:16:39,上架,合同签署信息通过,11764718,11710089,air.Treasure3
泡泡龙赢话费,orangegame.cn,企业,益智休闲,升级,1.1,2,2013-05-10 11:16:24,上架,合同签署并登陆,11764234,11650937,com.orangegame.puzzle
滑翔鼠 | Squirrel Gliding,veer,个人,益智休闲,新版本,1.4,14,2013-05-09 19:04:28,上架,合同签署并登陆,11764005,11763984,com.sakana.runner
飞行指挥官??????????(汉化版),iceskysnow,个人,益智休闲,新版本,1.8.5,41,2013-05-09 15:10:21,上架,合同签署并登陆,11762810,11762800,com.camelgames.flightdirector
黄金矿工3,orangegame.cn,企业,益智休闲,升级,1.01,2,2013-05-08 17:54:34,上架,合同签署并登陆,11756437,11739818,com.orangegame.goldenminer
三重镇,idreamsky,企业,益智休闲,升级,1.7.5,4400,2013-05-07 18:06:34,上架,合同签署并登陆,11750262,11417464,com.spryfox.tripletown
黄金矿工3,orangegame.cn,企业,益智休闲,新版本,1.0,1,2013-05-06 17:16:23,上架,合同签署并登陆,11739823,11739818,com.orangegame.goldenminer
僵尸爱吃鸡,qingxin753,个人,益智休闲,新版本,1.0.3,4,2013-05-06 13:40:23,上架,合同签署并登陆,11743342,11743318,com.dfasf.zombies.jump
水果老虎机,orangegame.cn,企业,益智休闲,新版本,1.0,1,2013-05-04 07:16:22,上架,合同签署并登陆,11650933,11650789,com.orange.slotmachine
愤怒的小鸟之朋友,yisongyuan,个人,益智休闲,新版本,1.0.0,3100,2013-05-02 23:40:23,上架,合同签署并登陆,11729067,11729025,com.rovio.angrybirdsfriends
啊哈先生,veer,个人,益智休闲,新版本,1.0.0,1,2013-05-02 12:58:35,上架,合同签署并登陆,11725892,11725880,jp.co.ponos.mraahh
捕鱼之星,tommobile,企业,益智休闲,升级,1.56,56,2013-04-26 19:29:15,上架,合同签署并登陆,11700644,10023974,com.mqkk.tom.pkbyzx
创世纪：通天塔3D | Babel Rising 3D,veer,个人,益智休闲,新版本,2.2.19,2219,2013-04-25 16:34:30,上架,合同签署并登陆,11620881,11620840,com.mando.babelrising3d
超级滚球,daai123,个人,益智休闲,新版本,16,120,2013-04-24 18:16:29,上架,合同签署并登陆,11674920,11674905,com.dfafds.tothelatest.football
炮打飞鸟,cugtao,个人,益智休闲,升级,1.0.1,71,2013-04-24 16:56:42,上架,合同签署并登陆,11684947,11059219,fowler.fengyuxx.menu
QQ牧场,veer,个人,益智休闲,新版本,1.20,1020000,2013-04-23 15:25:25,上架,合同签署并登陆,11676171,11676102,air.com.tencent.qqpasture
纸上赛车（汉化版）,iceskysnow,个人,益智休闲,新版本,1.3,10,2013-04-23 14:05:27,上架,合同签署并登陆,11671950,11671945,com.itbenefit.android.paperracing
秘洞寻宝2,matrix,个人,益智休闲,新版本,1.0,1,2013-04-20 12:27:25,上架,合同签署并登陆,11653231,11653218,com.matrix.hexasweeper
真心话大冒险,whitecakevip,个人,益智休闲,新版本,1.0.3.0,6,2013-04-19 16:19:36,上架,合同签署并登陆,11649966,11649954,com.yjm.tbwys
超级泡龙龙,bibifeizhi801,个人,益智休闲,新版本,1.12,13,2013-04-19 16:03:25,上架,合同签署并登陆,11628698,11628684,org.mafeiyasoftohcg.crazybubblejulm
迪迪大冒险 | Didi's Adventure,veer,个人,益智休闲,新版本,1.4.1,1004001,2013-04-19 15:51:32,上架,合同签署并登陆,11649659,11649641,org.PanicArts.DidisAdventureNormalLite
堵车故事 | Yolocaust: A Love Story,veer,个人,益智休闲,新版本,1.0.5,1000005,2013-04-19 15:15:39,上架,合同签署并登陆,11649301,11649282,com.greenlavastudios.yolocaust
星空月下 | Star Sky,veer,个人,益智休闲,新版本,1.01,2,2013-04-19 15:13:24,上架,合同签署并登陆,11649415,11649401,com.jmj.starsky
bloxorz,li_li_li87222,个人,益智休闲,新版本,1.1.0,1001000,2013-04-19 14:17:26,上架,合同签署并登陆,11648714,11648679,air.so.phonegame.bloxorz
保护我心 | Fist Face Fight,veer,个人,益智休闲,新版本,1.0.3,103,2013-04-19 14:15:24,上架,合同签署并登陆,11648775,11648759,com.nocanwin.fistface
渐变挑战 | Blendoku,veer,个人,益智休闲,新版本,1.0.7,14,2013-04-19 14:13:30,上架,合同签署并登陆,11648815,11648806,com.lonelyfew.blendoku
超级玛丽,optimus,个人,益智休闲,升级,1.0.48,49,2013-04-18 16:51:25,上架,合同签署并登陆,11642092,10027921,com.flyfish.supermario
怪物射手,idreamsky,企业,益智休闲,升级,2.1,10001500,2013-04-18 10:03:24,上架,合同签署并登陆,11636104,11555616,com.gamelion.MonsterShooter
阻止金三胖  Stop Kim!,veer,个人,益智休闲,升级,1.02,102,2013-04-16 21:29:28,上架,合同签署并登陆,11629086,11607692,com.bengigi.stopkim
兔小强,daai123,个人,益智休闲,新版本,1.0,1,2013-04-16 10:01:24,上架,合同签署并登陆,11625365,11625364,org.cocos2dx.rabbitjumpwys
帕特森的发明2 | Pettson's Inventions 2,yekong99,个人,益智休闲,升级,1.11,11,2013-04-15 16:23:26,上架,合同签署并登陆,11621267,11303129,se.filimundus.pi2
Entanglement,clmobilestudio,个人,益智休闲,新版本,1.0,1,2013-04-14 12:31:37,上架,合同签署并登陆,11614527,11614352,org.clmobile.Entanglement
捕鱼达人,jianghla,个人,益智休闲,新版本,1.2,5,2013-04-12 14:08:59,上架,合同已确认并登陆,11607474,11607470,org.cocos2dx.FishGameTV
我的纸飞机3 My Paper Plane 3,muzhiwan0,个人,益智休闲,新版本,2.30,10,2013-04-12 11:06:58,上架,合同签署并登陆,11606706,11606697,com.wavecade.mypaperplaneplanet
轨道建设X Construct,snow99612,个人,益智休闲,新版本,1.36,21,2013-04-11 15:31:07,上架,合同签署并登陆,11602117,11602071,de.ren.hms.xconstructionfull
剑仙传奇,sailewuxian,企业,益智休闲,升级,1.2.2,445,2013-04-11 15:29:06,上架,合同签署并登陆,11602219,11225896,com.xunyou.game.activity.saile
综艺7PK,jianghla,个人,益智休闲,新版本,1.0.1.4,1014,2013-04-10 16:47:05,上架,合同已确认并登陆,11581476,11581413,com.kikiplay.my7PK
大黄蜂防御,July125,个人,益智休闲,新版本,1.4,133,2013-04-10 10:35:55,上架,合同签署并登陆,11594007,11593990,jp.capable.bumbledore
综艺水果盘,jianghla,个人,益智休闲,新版本,1.0.1.6,1016,2013-04-08 22:45:27,上架,合同已确认并登陆,11581648,11581621,com.kikiplay.mySlots
综艺小玛莉,jianghla,个人,益智休闲,新版本,1.0.2.3,1023,2013-04-08 22:45:20,上架,合同已确认并登陆,11581620,11581590,com.kikiplay.myMario
综艺5PK,jianghla,个人,益智休闲,新版本,1.0.1.2,1012,2013-04-08 22:41:20,上架,合同已确认并登陆,11581400,11581319,com.kikiplay.my5PK
植物大战僵尸TV对战版,jianghla,个人,益智休闲,升级,1.0.3 lenovo.android.zh_CN ,8,2013-04-08 13:56:22,上架,合同已确认并登陆,11555408,11476125,com.trans.pvz
QQ农场,腾讯无线合作开发部,企业,益智休闲,新版本,v2.11,2011000,2013-04-03 19:06:14,上架,合同签署并登陆,11561099,11561096,air.com.tencent.qqfarmios
细胞星球 高清版 | Cell Planet HD Edition,veer,个人,益智休闲,新版本,1.00,2001,2013-04-03 18:54:28,上架,合同签署并登陆,11560502,11560494,cellplanethd.apk
逃离实验室 | Spunk and Moxie,veer,个人,益智休闲,新版本,1.04,2,2013-04-03 18:54:20,上架,合同签署并登陆,11560475,11560459,com.chocoho.spunk
疯狂丢熊猫,idreamsky,企业,益智休闲,升级,1.0.4,5,2013-04-02 16:41:46,上架,合同签署并登陆,11555249,11417397,com.miniclip.pandaskynet
水果忍者,idreamsky,企业,益智休闲,新版本,1.7.15,1715,2013-04-02 14:59:14,上架,合同签署并登陆,11555426,11555401,com.halfbrick.fruitninja
寻找喵星人,dsfsdsfs2007,个人,益智休闲,新版本,1.0.7,1000007,2013-03-28 16:34:40,上架,合同签署并登陆,11529023,11529011,com.air.bolengu
PBA Bowling Spare Challenge,July125,个人,益智休闲,新版本,2.1,20010,2013-03-28 15:18:31,上架,合同签署并登陆,11528700,11528684,de.earthif.pba2_demobuynow
PBA Bowling Spare Challenge,July125,个人,益智休闲,新版本,2.1,20010,2013-03-28 15:00:30,上架,合同签署并登陆,11528675,11528620,cc.threats.pba2_demobuynow
我的钢琴,upup,个人,益智休闲,新版本,3.3,24,2013-03-28 11:02:52,上架,合同签署并登陆,11522816,11522799,com.bti.myPianowys
Super Sphere,July125,个人,益智休闲,新版本,2.1,11,2013-03-25 13:55:32,上架,合同签署并登陆,11490930,11490890,com.tothelatest.football
Super Sphere,July125,个人,益智休闲,新版本,2.1,11,2013-03-25 13:55:17,上架,合同签署并登陆,11490962,11490931,de.alsosaid.football
Bumblebee Race,July125,个人,益智休闲,新版本,1.19,112,2013-03-25 13:45:35,上架,合同签署并登陆,11481605,11481539,cc.tothelatest.wf_inap
愤怒的小鸟季节版 | Angry Birds Seasons,rovio,个人,益智休闲,升级,3.2.1,3210,2013-03-20 19:03:28,上架,合同已确认并登陆,11477166,11047859,com.rovio.angrybirdsseasons
TOUCH,pwrd,企业,音乐游戏,新版本,1.0,2,2013-08-05 14:20:13,上架,合同签署并登陆,11691106,11690977,com.perfectworld.tv
乐动达人,yuedongdaren,企业,音乐游戏,新版本,1.0.1,1017420,2013-06-14 11:37:52,上架,合同签署并登陆,11913784,11913770,com.redatoms.games.beatmasterpad
決奏 | Khaos,veer,个人,音乐游戏,新版本,1.01,2,2013-05-14 14:41:45,上架,合同签署并登陆,11782973,11782960,com.funkit.khaosfull
